{"graph_0": {"_type": "graph-file", "path": "media/graph/graph_0_summary_4add14b6.graph.json", "sha256": "4add14b651d08861fef8c2893e43e61bd028bf23a4ee3af74e37025e9006359e", "size": 1329}, "train_loss_step": 16.46412401594536, "_step": 9, "_runtime": 10, "_timestamp": 1607677689, "train_loss": [16.51621054032247, 16.50227098627157, 16.564455197194526, 16.46412401594536], "val_loss_step": 16.487856697647697, "val_loss": [16.52862921630378, 16.50469365686325, 16.516395918088335, 16.487856697647697]}