{"graph_0": {"_type": "graph-file", "path": "media/graph/graph_0_summary_e55550e5.graph.json", "sha256": "e55550e5e3de1ee6d1cc966a8ff18f790ede3d71736da7e8895ef1cd86e5bdc3", "size": 1329}, "train_loss_step": 16.484683975113608, "_step": 9, "_runtime": 11, "_timestamp": 1607678075, "train_loss": [16.492358153113635, 16.526881948189313, 16.53115984288499, 16.484683975113608], "val_loss_step": 16.493850178006227, "val_loss": [16.51708565997097, 16.50003501290874, 16.52184380485972, 16.493850178006227]}