{"graph_0": {"_type": "graph-file", "path": "media/graph/graph_0_summary_522e2882.graph.json", "sha256": "522e28821c869220481d6e1841bbc4bbd81a11ddb10ad7ef7cf46b1f5e96e89e", "size": 1329}, "train_loss_step": 16.48826830756263, "_step": 9, "_runtime": 211, "_timestamp": 1607677970, "train_loss": [16.517964426840866, 16.52871646312515, 16.535932372349222, 16.48826830756263], "val_loss_step": 16.49288561540087, "val_loss": [16.50461786557705, 16.464207695122127, 16.526253910805607, 16.49288561540087]}